[{"model": "admin.logentry", "pk": 1, "fields": {"action_time": "2025-05-03T11:44:10.405Z", "user": 1, "content_type": 9, "object_id": "1", "object_repr": "Electronics", "action_flag": 1, "change_message": "[{\"added\": {}}]"}}, {"model": "admin.logentry", "pk": 2, "fields": {"action_time": "2025-05-03T11:44:19.394Z", "user": 1, "content_type": 9, "object_id": "2", "object_repr": "Home & Kitchen", "action_flag": 1, "change_message": "[{\"added\": {}}]"}}, {"model": "admin.logentry", "pk": 3, "fields": {"action_time": "2025-05-03T11:44:26.699Z", "user": 1, "content_type": 9, "object_id": "3", "object_repr": "Fashion", "action_flag": 1, "change_message": "[{\"added\": {}}]"}}, {"model": "admin.logentry", "pk": 4, "fields": {"action_time": "2025-05-03T12:40:46.120Z", "user": 1, "content_type": 10, "object_id": "1", "object_repr": "Wireless Bluetooth Headphones", "action_flag": 1, "change_message": "[{\"added\": {}}]"}}, {"model": "admin.logentry", "pk": 5, "fields": {"action_time": "2025-05-03T12:41:25.255Z", "user": 1, "content_type": 10, "object_id": "2", "object_repr": "Smart Watch Series 7", "action_flag": 1, "change_message": "[{\"added\": {}}, {\"added\": {\"name\": \"product image\", \"object\": \"ProductImage object (1)\"}}, {\"added\": {\"name\": \"product image\", \"object\": \"ProductImage object (2)\"}}, {\"added\": {\"name\": \"product image\", \"object\": \"ProductImage object (3)\"}}]"}}, {"model": "admin.logentry", "pk": 6, "fields": {"action_time": "2025-05-03T12:49:02.297Z", "user": 1, "content_type": 10, "object_id": "1", "object_repr": "Wireless Bluetooth Headphones", "action_flag": 2, "change_message": "[{\"added\": {\"name\": \"product image\", \"object\": \"ProductImage object (4)\"}}, {\"added\": {\"name\": \"product image\", \"object\": \"ProductImage object (5)\"}}]"}}, {"model": "admin.logentry", "pk": 7, "fields": {"action_time": "2025-05-03T12:54:00.430Z", "user": 1, "content_type": 10, "object_id": "2", "object_repr": "Smart Watch Series 7", "action_flag": 2, "change_message": "[{\"deleted\": {\"name\": \"product image\", \"object\": \"ProductImage object (None)\"}}, {\"deleted\": {\"name\": \"product image\", \"object\": \"ProductImage object (None)\"}}, {\"deleted\": {\"name\": \"product image\", \"object\": \"ProductImage object (None)\"}}]"}}, {"model": "admin.logentry", "pk": 8, "fields": {"action_time": "2025-05-03T12:54:14.297Z", "user": 1, "content_type": 10, "object_id": "2", "object_repr": "Smart Watch Series 7", "action_flag": 2, "change_message": "[{\"added\": {\"name\": \"product image\", \"object\": \"ProductImage object (6)\"}}, {\"added\": {\"name\": \"product image\", \"object\": \"ProductImage object (7)\"}}]"}}, {"model": "admin.logentry", "pk": 9, "fields": {"action_time": "2025-05-03T12:54:25.710Z", "user": 1, "content_type": 10, "object_id": "1", "object_repr": "Wireless Bluetooth Headphones", "action_flag": 2, "change_message": "[{\"deleted\": {\"name\": \"product image\", \"object\": \"ProductImage object (None)\"}}, {\"deleted\": {\"name\": \"product image\", \"object\": \"ProductImage object (None)\"}}]"}}, {"model": "admin.logentry", "pk": 10, "fields": {"action_time": "2025-05-03T12:54:37.043Z", "user": 1, "content_type": 10, "object_id": "1", "object_repr": "Wireless Bluetooth Headphones", "action_flag": 2, "change_message": "[{\"added\": {\"name\": \"product image\", \"object\": \"ProductImage object (8)\"}}, {\"added\": {\"name\": \"product image\", \"object\": \"ProductImage object (9)\"}}]"}}, {"model": "admin.logentry", "pk": 41, "fields": {"action_time": "2025-05-03T13:39:47.569Z", "user": 1, "content_type": 10, "object_id": "3", "object_repr": "EchoWave Wireless Earbuds", "action_flag": 1, "change_message": "[{\"added\": {}}, {\"added\": {\"name\": \"product image\", \"object\": \"ProductImage object (39)\"}}, {\"added\": {\"name\": \"product image\", \"object\": \"ProductImage object (40)\"}}]"}}, {"model": "admin.logentry", "pk": 42, "fields": {"action_time": "2025-05-03T13:41:11.874Z", "user": 1, "content_type": 10, "object_id": "4", "object_repr": "LumaGlow LED Desk Lamp", "action_flag": 1, "change_message": "[{\"added\": {}}, {\"added\": {\"name\": \"product image\", \"object\": \"ProductImage object (41)\"}}, {\"added\": {\"name\": \"product image\", \"object\": \"ProductImage object (42)\"}}]"}}, {"model": "admin.logentry", "pk": 43, "fields": {"action_time": "2025-05-03T13:44:48.784Z", "user": 1, "content_type": 10, "object_id": "5", "object_repr": "NordBlend Blender Pro", "action_flag": 1, "change_message": "[{\"added\": {}}, {\"added\": {\"name\": \"product image\", \"object\": \"ProductImage object (43)\"}}, {\"added\": {\"name\": \"product image\", \"object\": \"ProductImage object (44)\"}}]"}}, {"model": "admin.logentry", "pk": 44, "fields": {"action_time": "2025-05-03T13:45:51.645Z", "user": 1, "content_type": 10, "object_id": "6", "object_repr": "ThermoBrew Electric Kettle", "action_flag": 1, "change_message": "[{\"added\": {}}, {\"added\": {\"name\": \"product image\", \"object\": \"ProductImage object (45)\"}}, {\"added\": {\"name\": \"product image\", \"object\": \"ProductImage object (46)\"}}]"}}, {"model": "admin.logentry", "pk": 45, "fields": {"action_time": "2025-05-03T13:46:53.442Z", "user": 1, "content_type": 10, "object_id": "7", "object_repr": "UrbanEdge Denim Jacket", "action_flag": 1, "change_message": "[{\"added\": {}}, {\"added\": {\"name\": \"product image\", \"object\": \"ProductImage object (47)\"}}, {\"added\": {\"name\": \"product image\", \"object\": \"ProductImage object (48)\"}}]"}}, {"model": "admin.logentry", "pk": 46, "fields": {"action_time": "2025-05-03T13:47:03.525Z", "user": 1, "content_type": 10, "object_id": "7", "object_repr": "UrbanEdge Denim Jacket", "action_flag": 2, "change_message": "[{\"changed\": {\"fields\": [\"Sales count\"]}}]"}}, {"model": "admin.logentry", "pk": 47, "fields": {"action_time": "2025-05-03T13:47:12.717Z", "user": 1, "content_type": 10, "object_id": "6", "object_repr": "ThermoBrew Electric Kettle", "action_flag": 2, "change_message": "[{\"changed\": {\"fields\": [\"Sales count\"]}}]"}}, {"model": "admin.logentry", "pk": 48, "fields": {"action_time": "2025-05-03T13:47:19.825Z", "user": 1, "content_type": 10, "object_id": "2", "object_repr": "Smart Watch Series 7", "action_flag": 2, "change_message": "[{\"changed\": {\"fields\": [\"Sales count\"]}}]"}}, {"model": "admin.logentry", "pk": 49, "fields": {"action_time": "2025-05-03T13:47:30.983Z", "user": 1, "content_type": 10, "object_id": "1", "object_repr": "Wireless Bluetooth Headphones", "action_flag": 2, "change_message": "[{\"changed\": {\"fields\": [\"Sales count\"]}}]"}}, {"model": "admin.logentry", "pk": 50, "fields": {"action_time": "2025-05-03T13:48:25.119Z", "user": 1, "content_type": 10, "object_id": "8", "object_repr": "Silva Satin Midi Dress", "action_flag": 1, "change_message": "[{\"added\": {}}, {\"added\": {\"name\": \"product image\", \"object\": \"ProductImage object (49)\"}}]"}}, {"model": "admin.logentry", "pk": 51, "fields": {"action_time": "2025-05-03T13:49:25.758Z", "user": 1, "content_type": 10, "object_id": "9", "object_repr": "CloudStep Chunky Sneakers", "action_flag": 1, "change_message": "[{\"added\": {}}, {\"added\": {\"name\": \"product image\", \"object\": \"ProductImage object (50)\"}}, {\"added\": {\"name\": \"product image\", \"object\": \"ProductImage object (51)\"}}]"}}, {"model": "admin.logentry", "pk": 52, "fields": {"action_time": "2025-05-03T13:50:59.461Z", "user": 1, "content_type": 10, "object_id": "10", "object_repr": "GlowShade Oversized Sunglasses", "action_flag": 1, "change_message": "[{\"added\": {}}, {\"added\": {\"name\": \"product image\", \"object\": \"ProductImage object (52)\"}}]"}}, {"model": "admin.logentry", "pk": 53, "fields": {"action_time": "2025-05-03T14:58:34.457Z", "user": 1, "content_type": 10, "object_id": "10", "object_repr": "GlowShade Oversized Sunglasses", "action_flag": 2, "change_message": "[{\"added\": {\"name\": \"review\", \"object\": \"Review object (1)\"}}, {\"added\": {\"name\": \"review\", \"object\": \"Review object (2)\"}}, {\"added\": {\"name\": \"review\", \"object\": \"Review object (3)\"}}]"}}, {"model": "admin.logentry", "pk": 54, "fields": {"action_time": "2025-05-03T15:02:10.865Z", "user": 1, "content_type": 10, "object_id": "10", "object_repr": "GlowShade Oversized Sunglasses", "action_flag": 2, "change_message": "[{\"changed\": {\"fields\": [\"Score\"]}}]"}}, {"model": "admin.logentry", "pk": 55, "fields": {"action_time": "2025-05-03T15:02:20.464Z", "user": 1, "content_type": 10, "object_id": "9", "object_repr": "CloudStep Chunky Sneakers", "action_flag": 2, "change_message": "[{\"changed\": {\"fields\": [\"Score\"]}}]"}}, {"model": "admin.logentry", "pk": 56, "fields": {"action_time": "2025-05-03T15:02:25.628Z", "user": 1, "content_type": 10, "object_id": "8", "object_repr": "Silva Satin Midi Dress", "action_flag": 2, "change_message": "[{\"changed\": {\"fields\": [\"Score\"]}}]"}}, {"model": "admin.logentry", "pk": 57, "fields": {"action_time": "2025-05-03T15:02:31.862Z", "user": 1, "content_type": 10, "object_id": "7", "object_repr": "UrbanEdge Denim Jacket", "action_flag": 2, "change_message": "[{\"changed\": {\"fields\": [\"Score\"]}}]"}}, {"model": "admin.logentry", "pk": 58, "fields": {"action_time": "2025-05-03T15:02:34.419Z", "user": 1, "content_type": 10, "object_id": "6", "object_repr": "ThermoBrew Electric Kettle", "action_flag": 2, "change_message": "[{\"changed\": {\"fields\": [\"Score\"]}}]"}}, {"model": "admin.logentry", "pk": 59, "fields": {"action_time": "2025-05-03T15:02:41.475Z", "user": 1, "content_type": 10, "object_id": "5", "object_repr": "NordBlend Blender Pro", "action_flag": 2, "change_message": "[{\"changed\": {\"fields\": [\"Score\"]}}]"}}, {"model": "admin.logentry", "pk": 60, "fields": {"action_time": "2025-05-03T15:02:46.020Z", "user": 1, "content_type": 10, "object_id": "5", "object_repr": "NordBlend Blender Pro", "action_flag": 2, "change_message": "[]"}}, {"model": "admin.logentry", "pk": 61, "fields": {"action_time": "2025-05-03T15:02:50.683Z", "user": 1, "content_type": 10, "object_id": "4", "object_repr": "LumaGlow LED Desk Lamp", "action_flag": 2, "change_message": "[{\"changed\": {\"fields\": [\"Score\"]}}]"}}, {"model": "admin.logentry", "pk": 62, "fields": {"action_time": "2025-05-03T15:02:55.974Z", "user": 1, "content_type": 10, "object_id": "3", "object_repr": "EchoWave Wireless Earbuds", "action_flag": 2, "change_message": "[{\"changed\": {\"fields\": [\"Score\"]}}]"}}, {"model": "admin.logentry", "pk": 63, "fields": {"action_time": "2025-05-03T15:02:59.777Z", "user": 1, "content_type": 10, "object_id": "1", "object_repr": "Wireless Bluetooth Headphones", "action_flag": 2, "change_message": "[{\"changed\": {\"fields\": [\"Score\"]}}]"}}, {"model": "admin.logentry", "pk": 64, "fields": {"action_time": "2025-05-03T15:09:28.312Z", "user": 1, "content_type": 10, "object_id": "2", "object_repr": "Smart Watch Series 7", "action_flag": 2, "change_message": "[{\"changed\": {\"fields\": [\"Score\"]}}]"}}, {"model": "admin.logentry", "pk": 65, "fields": {"action_time": "2025-05-03T15:10:38.985Z", "user": 1, "content_type": 10, "object_id": "2", "object_repr": "Smart Watch Series 7", "action_flag": 2, "change_message": "[]"}}, {"model": "admin.logentry", "pk": 66, "fields": {"action_time": "2025-05-03T15:14:33.314Z", "user": 1, "content_type": 10, "object_id": "2", "object_repr": "Smart Watch Series 7", "action_flag": 2, "change_message": "[{\"changed\": {\"fields\": [\"Old price\"]}}]"}}, {"model": "admin.logentry", "pk": 67, "fields": {"action_time": "2025-05-03T15:14:58.900Z", "user": 1, "content_type": 10, "object_id": "1", "object_repr": "Wireless Bluetooth Headphones", "action_flag": 2, "change_message": "[{\"changed\": {\"fields\": [\"Old price\"]}}]"}}, {"model": "admin.logentry", "pk": 68, "fields": {"action_time": "2025-05-03T15:15:04.242Z", "user": 1, "content_type": 10, "object_id": "3", "object_repr": "EchoWave Wireless Earbuds", "action_flag": 2, "change_message": "[]"}}, {"model": "admin.logentry", "pk": 69, "fields": {"action_time": "2025-05-04T16:15:38.244Z", "user": 1, "content_type": 8, "object_id": "1", "object_repr": "admin@gmail.com", "action_flag": 2, "change_message": "[{\"changed\": {\"fields\": [\"First name\", \"Last name\", \"Profile image\", \"Shipping address\"]}}]"}}, {"model": "admin.logentry", "pk": 70, "fields": {"action_time": "2025-05-04T16:16:49.239Z", "user": 1, "content_type": 8, "object_id": "1", "object_repr": "admin@gmail.com", "action_flag": 2, "change_message": "[{\"changed\": {\"fields\": [\"Phone number\"]}}]"}}, {"model": "admin.logentry", "pk": 71, "fields": {"action_time": "2025-05-05T10:14:25.991Z", "user": 1, "content_type": 11, "object_id": "4", "object_repr": "admin@gmail.com | 2025-05-05 09:21:02.686075+00:00", "action_flag": 2, "change_message": "[{\"changed\": {\"fields\": [\"Is shipped\", \"Is received\"]}}]"}}, {"model": "admin.logentry", "pk": 72, "fields": {"action_time": "2025-05-05T10:14:32.669Z", "user": 1, "content_type": 11, "object_id": "2", "object_repr": "admin@gmail.com | 2025-05-05 09:14:50.658549+00:00", "action_flag": 2, "change_message": "[{\"changed\": {\"fields\": [\"Is shipped\"]}}]"}}, {"model": "admin.logentry", "pk": 73, "fields": {"action_time": "2025-05-05T10:24:31.875Z", "user": 1, "content_type": 11, "object_id": "6", "object_repr": "admin@gmail.com | 2025-05-05 10:18:43.604321+00:00", "action_flag": 3, "change_message": ""}}, {"model": "admin.logentry", "pk": 74, "fields": {"action_time": "2025-05-05T10:24:31.889Z", "user": 1, "content_type": 11, "object_id": "5", "object_repr": "admin@gmail.com | 2025-05-05 10:16:05.293731+00:00", "action_flag": 3, "change_message": ""}}, {"model": "admin.logentry", "pk": 75, "fields": {"action_time": "2025-05-05T10:24:31.893Z", "user": 1, "content_type": 11, "object_id": "3", "object_repr": "admin@gmail.com | 2025-05-05 09:16:08.976337+00:00", "action_flag": 3, "change_message": ""}}, {"model": "admin.logentry", "pk": 76, "fields": {"action_time": "2025-05-06T05:50:44.631Z", "user": 1, "content_type": 9, "object_id": "4", "object_repr": "Books", "action_flag": 1, "change_message": "[{\"added\": {}}]"}}, {"model": "admin.logentry", "pk": 77, "fields": {"action_time": "2025-05-06T05:50:55.195Z", "user": 1, "content_type": 9, "object_id": "5", "object_repr": "Toys & Games", "action_flag": 1, "change_message": "[{\"added\": {}}]"}}, {"model": "admin.logentry", "pk": 78, "fields": {"action_time": "2025-05-06T05:51:05.653Z", "user": 1, "content_type": 9, "object_id": "6", "object_repr": "Health & Wellness", "action_flag": 1, "change_message": "[{\"added\": {}}]"}}, {"model": "admin.logentry", "pk": 79, "fields": {"action_time": "2025-05-06T05:53:24.722Z", "user": 1, "content_type": 10, "object_id": "11", "object_repr": "Lego Classic Bricks Set", "action_flag": 1, "change_message": "[{\"added\": {}}, {\"added\": {\"name\": \"product image\", \"object\": \"ProductImage object (53)\"}}, {\"added\": {\"name\": \"product image\", \"object\": \"ProductImage object (54)\"}}, {\"added\": {\"name\": \"product image\", \"object\": \"ProductImage object (55)\"}}]"}}, {"model": "admin.logentry", "pk": 80, "fields": {"action_time": "2025-05-06T05:54:39.708Z", "user": 1, "content_type": 10, "object_id": "12", "object_repr": "Hot Wheels Track Builder", "action_flag": 1, "change_message": "[{\"added\": {}}, {\"added\": {\"name\": \"product image\", \"object\": \"ProductImage object (56)\"}}, {\"added\": {\"name\": \"product image\", \"object\": \"ProductImage object (57)\"}}]"}}, {"model": "admin.logentry", "pk": 81, "fields": {"action_time": "2025-05-06T05:56:27.327Z", "user": 1, "content_type": 10, "object_id": "2", "object_repr": "Smart Watch Series 7", "action_flag": 2, "change_message": "[{\"changed\": {\"fields\": [\"Score\"]}}]"}}, {"model": "admin.logentry", "pk": 82, "fields": {"action_time": "2025-05-06T05:58:00.823Z", "user": 1, "content_type": 10, "object_id": "13", "object_repr": "Yoga Mat with Carrying Strap", "action_flag": 1, "change_message": "[{\"added\": {}}, {\"added\": {\"name\": \"product image\", \"object\": \"ProductImage object (58)\"}}, {\"added\": {\"name\": \"product image\", \"object\": \"ProductImage object (59)\"}}]"}}, {"model": "admin.logentry", "pk": 83, "fields": {"action_time": "2025-05-06T05:58:13.135Z", "user": 1, "content_type": 10, "object_id": "5", "object_repr": "NordBlend Blender Pro", "action_flag": 2, "change_message": "[{\"changed\": {\"fields\": [\"Sales count\"]}}]"}}, {"model": "admin.logentry", "pk": 84, "fields": {"action_time": "2025-05-06T05:58:22.989Z", "user": 1, "content_type": 10, "object_id": "4", "object_repr": "LumaGlow LED Desk Lamp", "action_flag": 2, "change_message": "[{\"changed\": {\"fields\": [\"Sales count\"]}}]"}}, {"model": "admin.logentry", "pk": 85, "fields": {"action_time": "2025-05-06T05:58:34.407Z", "user": 1, "content_type": 10, "object_id": "3", "object_repr": "EchoWave Wireless Earbuds", "action_flag": 2, "change_message": "[{\"changed\": {\"fields\": [\"Sales count\"]}}]"}}, {"model": "admin.logentry", "pk": 86, "fields": {"action_time": "2025-05-06T07:31:55.512Z", "user": 1, "content_type": 9, "object_id": "6", "object_repr": "Sports & Outdoors", "action_flag": 2, "change_message": "[{\"changed\": {\"fields\": [\"Name\"]}}]"}}, {"model": "admin.logentry", "pk": 87, "fields": {"action_time": "2025-05-06T07:32:05.090Z", "user": 1, "content_type": 9, "object_id": "7", "object_repr": "Books & Media", "action_flag": 1, "change_message": "[{\"added\": {}}]"}}, {"model": "admin.logentry", "pk": 88, "fields": {"action_time": "2025-05-06T07:32:14.511Z", "user": 1, "content_type": 9, "object_id": "8", "object_repr": "Automotive", "action_flag": 1, "change_message": "[{\"added\": {}}]"}}, {"model": "admin.logentry", "pk": 89, "fields": {"action_time": "2025-05-06T07:32:35.831Z", "user": 1, "content_type": 9, "object_id": "9", "object_repr": "Beauty & Personal Care", "action_flag": 1, "change_message": "[{\"added\": {}}]"}}, {"model": "admin.logentry", "pk": 90, "fields": {"action_time": "2025-05-06T08:45:14.243Z", "user": 1, "content_type": 9, "object_id": "4", "object_repr": "Books", "action_flag": 3, "change_message": ""}}, {"model": "admin.logentry", "pk": 91, "fields": {"action_time": "2025-05-06T18:29:17.928Z", "user": 1, "content_type": 8, "object_id": "2", "object_repr": "gmail@gmail.com", "action_flag": 2, "change_message": "[{\"changed\": {\"fields\": [\"Profile image\"]}}]"}}, {"model": "admin.logentry", "pk": 92, "fields": {"action_time": "2025-05-06T18:49:21.072Z", "user": 1, "content_type": 11, "object_id": "43", "object_repr": "gmail@gmail.com | 2025-05-06 18:48:40.751416+00:00", "action_flag": 2, "change_message": "[{\"changed\": {\"fields\": [\"Is shipped\", \"Is received\"]}}]"}}, {"model": "admin.logentry", "pk": 93, "fields": {"action_time": "2025-05-07T16:50:07.755Z", "user": 1, "content_type": 8, "object_id": "2", "object_repr": "gmail@gmail.com", "action_flag": 3, "change_message": ""}}, {"model": "auth.permission", "pk": 1, "fields": {"name": "Can add log entry", "content_type": 1, "codename": "add_logentry"}}, {"model": "auth.permission", "pk": 2, "fields": {"name": "Can change log entry", "content_type": 1, "codename": "change_logentry"}}, {"model": "auth.permission", "pk": 3, "fields": {"name": "Can delete log entry", "content_type": 1, "codename": "delete_logentry"}}, {"model": "auth.permission", "pk": 4, "fields": {"name": "Can view log entry", "content_type": 1, "codename": "view_logentry"}}, {"model": "auth.permission", "pk": 5, "fields": {"name": "Can add permission", "content_type": 2, "codename": "add_permission"}}, {"model": "auth.permission", "pk": 6, "fields": {"name": "Can change permission", "content_type": 2, "codename": "change_permission"}}, {"model": "auth.permission", "pk": 7, "fields": {"name": "Can delete permission", "content_type": 2, "codename": "delete_permission"}}, {"model": "auth.permission", "pk": 8, "fields": {"name": "Can view permission", "content_type": 2, "codename": "view_permission"}}, {"model": "auth.permission", "pk": 9, "fields": {"name": "Can add group", "content_type": 3, "codename": "add_group"}}, {"model": "auth.permission", "pk": 10, "fields": {"name": "Can change group", "content_type": 3, "codename": "change_group"}}, {"model": "auth.permission", "pk": 11, "fields": {"name": "Can delete group", "content_type": 3, "codename": "delete_group"}}, {"model": "auth.permission", "pk": 12, "fields": {"name": "Can view group", "content_type": 3, "codename": "view_group"}}, {"model": "auth.permission", "pk": 13, "fields": {"name": "Can add content type", "content_type": 4, "codename": "add_contenttype"}}, {"model": "auth.permission", "pk": 14, "fields": {"name": "Can change content type", "content_type": 4, "codename": "change_contenttype"}}, {"model": "auth.permission", "pk": 15, "fields": {"name": "Can delete content type", "content_type": 4, "codename": "delete_contenttype"}}, {"model": "auth.permission", "pk": 16, "fields": {"name": "Can view content type", "content_type": 4, "codename": "view_contenttype"}}, {"model": "auth.permission", "pk": 17, "fields": {"name": "Can add session", "content_type": 5, "codename": "add_session"}}, {"model": "auth.permission", "pk": 18, "fields": {"name": "Can change session", "content_type": 5, "codename": "change_session"}}, {"model": "auth.permission", "pk": 19, "fields": {"name": "Can delete session", "content_type": 5, "codename": "delete_session"}}, {"model": "auth.permission", "pk": 20, "fields": {"name": "Can view session", "content_type": 5, "codename": "view_session"}}, {"model": "auth.permission", "pk": 21, "fields": {"name": "Can add Token", "content_type": 6, "codename": "add_token"}}, {"model": "auth.permission", "pk": 22, "fields": {"name": "Can change Token", "content_type": 6, "codename": "change_token"}}, {"model": "auth.permission", "pk": 23, "fields": {"name": "Can delete Token", "content_type": 6, "codename": "delete_token"}}, {"model": "auth.permission", "pk": 24, "fields": {"name": "Can view Token", "content_type": 6, "codename": "view_token"}}, {"model": "auth.permission", "pk": 25, "fields": {"name": "Can add Token", "content_type": 7, "codename": "add_tokenproxy"}}, {"model": "auth.permission", "pk": 26, "fields": {"name": "Can change Token", "content_type": 7, "codename": "change_tokenproxy"}}, {"model": "auth.permission", "pk": 27, "fields": {"name": "Can delete Token", "content_type": 7, "codename": "delete_tokenproxy"}}, {"model": "auth.permission", "pk": 28, "fields": {"name": "Can view Token", "content_type": 7, "codename": "view_tokenproxy"}}, {"model": "auth.permission", "pk": 29, "fields": {"name": "Can add user", "content_type": 8, "codename": "add_user"}}, {"model": "auth.permission", "pk": 30, "fields": {"name": "Can change user", "content_type": 8, "codename": "change_user"}}, {"model": "auth.permission", "pk": 31, "fields": {"name": "Can delete user", "content_type": 8, "codename": "delete_user"}}, {"model": "auth.permission", "pk": 32, "fields": {"name": "Can view user", "content_type": 8, "codename": "view_user"}}, {"model": "auth.permission", "pk": 33, "fields": {"name": "Can add category", "content_type": 9, "codename": "add_category"}}, {"model": "auth.permission", "pk": 34, "fields": {"name": "Can change category", "content_type": 9, "codename": "change_category"}}, {"model": "auth.permission", "pk": 35, "fields": {"name": "Can delete category", "content_type": 9, "codename": "delete_category"}}, {"model": "auth.permission", "pk": 36, "fields": {"name": "Can view category", "content_type": 9, "codename": "view_category"}}, {"model": "auth.permission", "pk": 37, "fields": {"name": "Can add product", "content_type": 10, "codename": "add_product"}}, {"model": "auth.permission", "pk": 38, "fields": {"name": "Can change product", "content_type": 10, "codename": "change_product"}}, {"model": "auth.permission", "pk": 39, "fields": {"name": "Can delete product", "content_type": 10, "codename": "delete_product"}}, {"model": "auth.permission", "pk": 40, "fields": {"name": "Can view product", "content_type": 10, "codename": "view_product"}}, {"model": "auth.permission", "pk": 41, "fields": {"name": "Can add purchase", "content_type": 11, "codename": "add_purchase"}}, {"model": "auth.permission", "pk": 42, "fields": {"name": "Can change purchase", "content_type": 11, "codename": "change_purchase"}}, {"model": "auth.permission", "pk": 43, "fields": {"name": "Can delete purchase", "content_type": 11, "codename": "delete_purchase"}}, {"model": "auth.permission", "pk": 44, "fields": {"name": "Can view purchase", "content_type": 11, "codename": "view_purchase"}}, {"model": "auth.permission", "pk": 45, "fields": {"name": "Can add purchase item", "content_type": 12, "codename": "add_purchaseitem"}}, {"model": "auth.permission", "pk": 46, "fields": {"name": "Can change purchase item", "content_type": 12, "codename": "change_purchaseitem"}}, {"model": "auth.permission", "pk": 47, "fields": {"name": "Can delete purchase item", "content_type": 12, "codename": "delete_purchaseitem"}}, {"model": "auth.permission", "pk": 48, "fields": {"name": "Can view purchase item", "content_type": 12, "codename": "view_purchaseitem"}}, {"model": "auth.permission", "pk": 49, "fields": {"name": "Can add product image", "content_type": 13, "codename": "add_productimage"}}, {"model": "auth.permission", "pk": 50, "fields": {"name": "Can change product image", "content_type": 13, "codename": "change_productimage"}}, {"model": "auth.permission", "pk": 51, "fields": {"name": "Can delete product image", "content_type": 13, "codename": "delete_productimage"}}, {"model": "auth.permission", "pk": 52, "fields": {"name": "Can view product image", "content_type": 13, "codename": "view_productimage"}}, {"model": "auth.permission", "pk": 53, "fields": {"name": "Can add review", "content_type": 14, "codename": "add_review"}}, {"model": "auth.permission", "pk": 54, "fields": {"name": "Can change review", "content_type": 14, "codename": "change_review"}}, {"model": "auth.permission", "pk": 55, "fields": {"name": "Can delete review", "content_type": 14, "codename": "delete_review"}}, {"model": "auth.permission", "pk": 56, "fields": {"name": "Can view review", "content_type": 14, "codename": "view_review"}}, {"model": "contenttypes.contenttype", "pk": 1, "fields": {"app_label": "admin", "model": "logentry"}}, {"model": "contenttypes.contenttype", "pk": 2, "fields": {"app_label": "auth", "model": "permission"}}, {"model": "contenttypes.contenttype", "pk": 3, "fields": {"app_label": "auth", "model": "group"}}, {"model": "contenttypes.contenttype", "pk": 4, "fields": {"app_label": "contenttypes", "model": "contenttype"}}, {"model": "contenttypes.contenttype", "pk": 5, "fields": {"app_label": "sessions", "model": "session"}}, {"model": "contenttypes.contenttype", "pk": 6, "fields": {"app_label": "authtoken", "model": "token"}}, {"model": "contenttypes.contenttype", "pk": 7, "fields": {"app_label": "authtoken", "model": "tokenproxy"}}, {"model": "contenttypes.contenttype", "pk": 8, "fields": {"app_label": "core", "model": "user"}}, {"model": "contenttypes.contenttype", "pk": 9, "fields": {"app_label": "core", "model": "category"}}, {"model": "contenttypes.contenttype", "pk": 10, "fields": {"app_label": "core", "model": "product"}}, {"model": "contenttypes.contenttype", "pk": 11, "fields": {"app_label": "core", "model": "purchase"}}, {"model": "contenttypes.contenttype", "pk": 12, "fields": {"app_label": "core", "model": "purchaseitem"}}, {"model": "contenttypes.contenttype", "pk": 13, "fields": {"app_label": "core", "model": "productimage"}}, {"model": "contenttypes.contenttype", "pk": 14, "fields": {"app_label": "core", "model": "review"}}, {"model": "sessions.session", "pk": "l2fb4dekjixmx3dqzdwpb54mpqpx6nt5", "fields": {"session_data": ".eJxVjDsOgzAQRO_iOrLwBxanTM8ZrPXuOpBEWMJQRbl7QKJIutG8N_NWEbd1jFuVJU6srsqoy2-XkJ4yH4AfON-LpjKvy5T0oeiTVj0UltftdP8ORqzjvgZMDTgO3oYO2sYzBkptEmedAQmdzz2BsQZczoKZGwvUgThDyP2e1ecL1Ig32g:1uChxh:ruDbsqPMaQGUOHoIWH8fUggybJSfnS-DOBzFysDURDE", "expire_date": "2025-05-21T16:49:37.386Z"}}, {"model": "sessions.session", "pk": "ub1kj9xmk082db9ed3obvt93ix427qty", "fields": {"session_data": ".eJxVjDsOgzAQRO_iOrLwBxanTM8ZrPXuOpBEWMJQRbl7QKJIutG8N_NWEbd1jFuVJU6srsqoy2-XkJ4yH4AfON-LpjKvy5T0oeiTVj0UltftdP8ORqzjvgZMDTgO3oYO2sYzBkptEmedAQmdzz2BsQZczoKZGwvUgThDyP2e1ecL1Ig32g:1uAB20:JUFIn4yuXa5GRwwJANiOZ-02F-Jm29Cic4F6MEurBHk", "expire_date": "2025-05-14T17:15:36.400Z"}}, {"model": "authtoken.token", "pk": "e52eb976c09e7e44d8b5f133742103c17e2ec246", "fields": {"user": 1, "created": "2025-05-03T14:15:02.434Z"}}, {"model": "core.user", "pk": 1, "fields": {"password": "pbkdf2_sha256$600000$gxep725qCGtIb3joqX64gi$Am2ZgKCsG+4eOjxOqAUS8aT14l9CagqgOh4VIvbjWCM=", "email": "admin@gmail.com", "first_name": "John", "last_name": "Doe", "profile_image": "uploads/user/default.webp", "phone_number": "+1 (555) 123-4567", "shipping_address": "1234 Elm Street  \r\nApt 56B  \r\nLos Angeles, CA 90001  \r\nUnited States", "date_joined": "2025-04-30T17:14:11.611Z", "last_login": "2025-05-07T16:49:37.377Z", "is_active": true, "is_staff": true, "is_superuser": true, "groups": [], "user_permissions": []}}, {"model": "core.category", "pk": 1, "fields": {"name": "Electronics"}}, {"model": "core.category", "pk": 2, "fields": {"name": "Home & Kitchen"}}, {"model": "core.category", "pk": 3, "fields": {"name": "Fashion"}}, {"model": "core.category", "pk": 5, "fields": {"name": "Toys & Games"}}, {"model": "core.category", "pk": 6, "fields": {"name": "Sports & Outdoors"}}, {"model": "core.category", "pk": 7, "fields": {"name": "Books & Media"}}, {"model": "core.category", "pk": 8, "fields": {"name": "Automotive"}}, {"model": "core.category", "pk": 9, "fields": {"name": "Beauty & Personal Care"}}, {"model": "core.product", "pk": 1, "fields": {"name": "Wireless Bluetooth Headphones", "created_at": "2025-05-03T12:40:46.104Z", "category": 1, "description": "High quality sound with noise cancellation", "old_price": "100.00", "new_price": "89.99", "sales_count": 43, "is_in_stock": true, "score": 4}}, {"model": "core.product", "pk": 2, "fields": {"name": "Smart Watch Series 7", "created_at": "2025-05-03T12:41:25.106Z", "category": 1, "description": "Advanced fitness tracking and messaging", "old_price": "250.00", "new_price": "199.99", "sales_count": 50, "is_in_stock": true, "score": 4}}, {"model": "core.product", "pk": 3, "fields": {"name": "EchoWave Wireless Earbuds", "created_at": "2025-05-03T13:39:47.553Z", "category": 1, "description": "Compact earbuds with noise-cancellation and 24-hour battery life.", "old_price": "89.99", "new_price": "59.99", "sales_count": 28, "is_in_stock": true, "score": 3}}, {"model": "core.product", "pk": 4, "fields": {"name": "LumaGlow LED Desk Lamp", "created_at": "2025-05-03T13:41:11.861Z", "category": 1, "description": "Adjustable color temperature with wireless phone charging.", "old_price": "49.95", "new_price": "34.95", "sales_count": 46, "is_in_stock": true, "score": 5}}, {"model": "core.product", "pk": 5, "fields": {"name": "NordBlend Blender Pro", "created_at": "2025-05-03T13:44:48.769Z", "category": 2, "description": "High-speed blender perfect for smoothies and soups.", "old_price": "149.00", "new_price": "119.00", "sales_count": 6, "is_in_stock": true, "score": 4}}, {"model": "core.product", "pk": 6, "fields": {"name": "ThermoBrew Electric Kettle", "created_at": "2025-05-03T13:45:51.634Z", "category": 2, "description": "Quick-boil kettle with temperature presets.", "old_price": "69.99", "new_price": "49.99", "sales_count": 25, "is_in_stock": true, "score": 4}}, {"model": "core.product", "pk": 7, "fields": {"name": "UrbanEdge Denim Jacket", "created_at": "2025-05-03T13:46:53.429Z", "category": 3, "description": "Classic blue denim with a relaxed fit and distressed details.", "old_price": "79.00", "new_price": "54.00", "sales_count": 10, "is_in_stock": true, "score": 2}}, {"model": "core.product", "pk": 8, "fields": {"name": "Silva Satin Midi Dress", "created_at": "2025-05-03T13:48:25.108Z", "category": 3, "description": "Elegant satin dress with a flattering silhouette and adjustable straps.", "old_price": "129.00", "new_price": "89.00", "sales_count": 77, "is_in_stock": true, "score": 5}}, {"model": "core.product", "pk": 9, "fields": {"name": "CloudStep Chunky Sneakers", "created_at": "2025-05-03T13:49:25.748Z", "category": 3, "description": "Trendy sneakers with cushioned sole and breathable mesh.", "old_price": "99.00", "new_price": "69.00", "sales_count": 10, "is_in_stock": true, "score": 3}}, {"model": "core.product", "pk": 10, "fields": {"name": "GlowShade Oversized Sunglasses", "created_at": "2025-05-03T13:50:59.451Z", "category": 3, "description": "Fashion-forward UV400 sunglasses with gradient lenses.", "old_price": "35.00", "new_price": "22.00", "sales_count": 31, "is_in_stock": true, "score": 4}}, {"model": "core.product", "pk": 11, "fields": {"name": "Lego Classic Bricks Set", "created_at": "2025-05-06T05:53:24.693Z", "category": 5, "description": "A creative building set with 500 colorful Lego bricks for endless imaginative play.", "old_price": "39.99", "new_price": "29.99", "sales_count": 48, "is_in_stock": true, "score": 4}}, {"model": "core.product", "pk": 12, "fields": {"name": "Hot Wheels Track Builder", "created_at": "2025-05-06T05:54:39.683Z", "category": 5, "description": "Customizable race track set with loops and launchers for high-speed action.", "old_price": "24.99", "new_price": "19.99", "sales_count": 28, "is_in_stock": true, "score": 5}}, {"model": "core.product", "pk": 13, "fields": {"name": "Yoga Mat with Carrying Strap", "created_at": "2025-05-06T05:58:00.805Z", "category": 6, "description": "Non-slip, eco-friendly yoga mat for comfortable workouts and stretching.", "old_price": "29.99", "new_price": "19.99", "sales_count": 14, "is_in_stock": true, "score": 3}}, {"model": "core.productimage", "pk": 6, "fields": {"product": 2, "image": "uploads/product/3b447a8d-c480-44eb-9131-79049ab6dd47.jpg"}}, {"model": "core.productimage", "pk": 7, "fields": {"product": 2, "image": "uploads/product/87c592ec-73df-426a-86eb-6e25cb0d060c.png"}}, {"model": "core.productimage", "pk": 8, "fields": {"product": 1, "image": "uploads/product/b0307e15-c87c-4ec9-8ef7-c25c2e46372f.jpg"}}, {"model": "core.productimage", "pk": 9, "fields": {"product": 1, "image": "uploads/product/1bf256f5-dee9-4b5f-b2cb-c8c5a637024e.webp"}}, {"model": "core.productimage", "pk": 39, "fields": {"product": 3, "image": "uploads/product/975fdb59-acb4-4924-9aca-0c48216c9ab2.webp"}}, {"model": "core.productimage", "pk": 40, "fields": {"product": 3, "image": "uploads/product/33beed25-0fc8-4872-96ea-4a066f13efdb.webp"}}, {"model": "core.productimage", "pk": 41, "fields": {"product": 4, "image": "uploads/product/419ce38a-d229-4529-9c0a-1f144cd6c567.jpg"}}, {"model": "core.productimage", "pk": 42, "fields": {"product": 4, "image": "uploads/product/16d8a9aa-8746-41c9-a7b8-7cb37f5c5592.webp"}}, {"model": "core.productimage", "pk": 43, "fields": {"product": 5, "image": "uploads/product/c823183f-fecb-4238-93da-17c9ff4adaac.webp"}}, {"model": "core.productimage", "pk": 44, "fields": {"product": 5, "image": "uploads/product/58d6b18c-6eb8-41a5-891c-2a29ad59a064.webp"}}, {"model": "core.productimage", "pk": 45, "fields": {"product": 6, "image": "uploads/product/d860635f-85a9-43ce-acf0-6b7b1916f839.webp"}}, {"model": "core.productimage", "pk": 46, "fields": {"product": 6, "image": "uploads/product/f4a2ff58-d9fb-4055-a790-0dfee2665531.jpg"}}, {"model": "core.productimage", "pk": 47, "fields": {"product": 7, "image": "uploads/product/5498606e-3187-49ab-ac54-67c272e821ed.webp"}}, {"model": "core.productimage", "pk": 48, "fields": {"product": 7, "image": "uploads/product/d79c686f-5e59-45f0-ad43-b0e82d01bbcf.jpg"}}, {"model": "core.productimage", "pk": 49, "fields": {"product": 8, "image": "uploads/product/72879d95-eab7-4881-b050-d2109198eae2.webp"}}, {"model": "core.productimage", "pk": 50, "fields": {"product": 9, "image": "uploads/product/189dd5c0-9b6a-4942-b40b-fba89fa362bd.webp"}}, {"model": "core.productimage", "pk": 51, "fields": {"product": 9, "image": "uploads/product/99b09319-edd9-4e89-8be8-ae31f261e7bd.jpg"}}, {"model": "core.productimage", "pk": 52, "fields": {"product": 10, "image": "uploads/product/9717fa4c-7153-4729-8871-c3ad0d1440f0.jpg"}}, {"model": "core.productimage", "pk": 53, "fields": {"product": 11, "image": "uploads/product/bf5e98d5-9cad-4cfb-a43a-236070c51c6d.webp"}}, {"model": "core.productimage", "pk": 54, "fields": {"product": 11, "image": "uploads/product/9803b164-3024-477f-a196-bfb8db64ca65.webp"}}, {"model": "core.productimage", "pk": 55, "fields": {"product": 11, "image": "uploads/product/26d0a3ed-3c59-48fe-8ab3-6e55b06bb79e.webp"}}, {"model": "core.productimage", "pk": 56, "fields": {"product": 12, "image": "uploads/product/6efdf06d-b6ce-4564-8b66-e3c17303aa94.jpg"}}, {"model": "core.productimage", "pk": 57, "fields": {"product": 12, "image": "uploads/product/14b155c9-c80a-4939-aa5b-e3aedc56649e.jpg"}}, {"model": "core.productimage", "pk": 58, "fields": {"product": 13, "image": "uploads/product/0117ab98-bec6-43c4-9d31-1af602b4c045.jpg"}}, {"model": "core.productimage", "pk": 59, "fields": {"product": 13, "image": "uploads/product/c641be62-12b0-4d3d-99df-9ebda72451d9.jpg"}}, {"model": "core.purchase", "pk": 1, "fields": {"user": 1, "created_at": "2025-05-05T09:00:35.267Z", "is_completed": true, "completed_at": null, "shipping_address": "1234 Elm Street  \r\nApt 56B  \r\nLos Angeles, CA 90001  \r\nUnited States", "is_shipped": false, "is_received": false, "total": "296.00"}}, {"model": "core.purchase", "pk": 2, "fields": {"user": 1, "created_at": "2025-05-05T09:14:50.658Z", "is_completed": true, "completed_at": null, "shipping_address": "1234 Elm Street  \r\nApt 56B  \r\nLos Angeles, CA 90001  \r\nUnited States", "is_shipped": true, "is_received": false, "total": "123.00"}}, {"model": "core.purchase", "pk": 4, "fields": {"user": 1, "created_at": "2025-05-05T09:21:02.686Z", "is_completed": true, "completed_at": null, "shipping_address": "1234 Elm Street  \r\nApt 56B  \r\nLos Angeles, CA 90001  \r\nUnited States", "is_shipped": true, "is_received": true, "total": "111.00"}}, {"model": "core.purchase", "pk": 7, "fields": {"user": 1, "created_at": "2025-05-05T10:36:14.645Z", "is_completed": true, "completed_at": null, "shipping_address": "1234 Elm Street  \r\nApt 56B  \r\nLos Angeles, CA 90001  \r\nUnited States", "is_shipped": false, "is_received": false, "total": "540.00"}}, {"model": "core.purchase", "pk": 8, "fields": {"user": 1, "created_at": "2025-05-05T11:30:05.508Z", "is_completed": true, "completed_at": null, "shipping_address": "1234 Elm Street  \r\nApt 56B  \r\nLos Angeles, CA 90001  \r\nUnited States", "is_shipped": false, "is_received": false, "total": "182.99"}}, {"model": "core.purchaseitem", "pk": 1, "fields": {"purchase": 1, "product": 8, "quantity": 1, "price_at_purchase": "89.00", "subtotal": "89.00"}}, {"model": "core.purchaseitem", "pk": 2, "fields": {"purchase": 1, "product": 9, "quantity": 3, "price_at_purchase": "69.00", "subtotal": "207.00"}}, {"model": "core.purchaseitem", "pk": 3, "fields": {"purchase": 2, "product": 7, "quantity": 1, "price_at_purchase": "54.00", "subtotal": "54.00"}}, {"model": "core.purchaseitem", "pk": 4, "fields": {"purchase": 2, "product": 9, "quantity": 1, "price_at_purchase": "69.00", "subtotal": "69.00"}}, {"model": "core.purchaseitem", "pk": 7, "fields": {"purchase": 4, "product": 8, "quantity": 1, "price_at_purchase": "89.00", "subtotal": "89.00"}}, {"model": "core.purchaseitem", "pk": 8, "fields": {"purchase": 4, "product": 10, "quantity": 1, "price_at_purchase": "22.00", "subtotal": "22.00"}}, {"model": "core.purchaseitem", "pk": 11, "fields": {"purchase": 7, "product": 7, "quantity": 10, "price_at_purchase": "54.00", "subtotal": "540.00"}}, {"model": "core.purchaseitem", "pk": 12, "fields": {"purchase": 8, "product": 9, "quantity": 1, "price_at_purchase": "69.00", "subtotal": "69.00"}}, {"model": "core.purchaseitem", "pk": 13, "fields": {"purchase": 8, "product": 3, "quantity": 1, "price_at_purchase": "59.99", "subtotal": "59.99"}}, {"model": "core.purchaseitem", "pk": 14, "fields": {"purchase": 8, "product": 7, "quantity": 1, "price_at_purchase": "54.00", "subtotal": "54.00"}}]